{"description": {"date": "20210706", "image": "10164.jpg", "task": 1, "width": 384, "time": "1009", "region": 0, "height": 512}, "annotations": {"area": 3, "disease": "a9", "grow": 13, "bbox": [{"x": 60.4236484375, "h": 343.63490625, "y": 42.72548828125, "w": 224.6139375}], "part": [{"x": 196.75, "h": 36.75, "y": 204.25, "id": 0, "w": 39.25}, {"x": 142.75, "h": 36.5, "y": 310.0, "id": 1, "w": 31.75}, {"x": 120.0, "h": 27.75, "y": 248.5, "id": 2, "w": 33.75}, {"x": 174.0, "h": 30.75, "y": 273.75, "id": 3, "w": 27.25}, {"x": 180.75, "h": 20.25, "y": 150.25, "id": 4, "w": 37.0}, {"x": 110.25, "h": 23.75, "y": 201.25, "id": 5, "w": 27.0}, {"x": 123.0, "h": 28.5, "y": 132.0, "id": 6, "w": 18.0}, {"x": 205.0, "h": 20.25, "y": 277.0, "id": 7, "w": 20.75}, {"x": 180.0, "h": 23.75, "y": 320.5, "id": 8, "w": 15.5}, {"x": 144.5, "h": 13.5, "y": 283.75, "id": 9, "w": 13.0}, {"x": 247.5, "h": 11.5, "y": 165.25, "id": 10, "w": 12.75}, {"x": 126.75, "h": 12.5, "y": 172.25, "id": 11, "w": 11.0}, {"x": 138.5, "h": 12.0, "y": 76.75, "id": 12, "w": 10.25}, {"x": 130.5, "h": 6.0, "y": 295.75, "id": 13, "w": 9.5}], "risk": 1, "crop": 3}}