{
    "description": {
        "date": "20210714",
        "image": "10000.jpg",
        "task": 0,
        "width": 682,
        "time": "1019",
        "region": 0,
        "height": 512
    },
    "annotations": {
        "area": 3,
        "disease": "00",
        "grow": 24,
        "bbox": [
            {
                "x": 90.20952277970011,
                "h": 446.1714244521338,
                "y": 41.44761930507497,
                "w": 592.4571438869666
            }
        ],
        "part": [],
        "risk": 0,
        "crop": 6
    }
}